,date,sentiment
764,20100104,0.65
765,20100105,0.5
766,20100106,0.5
767,20100107,0.5
757,20100108,0.5
860,20100111,0.0
859,20100112,0.5
858,20100113,0.4
862,20100114,0.5
861,20100115,0.5
856,20100119,0.5
974,20100120,0.5
975,20100121,0.5
973,20100122,0.3
972,20100125,0.4
970,20100126,0.475
971,20100127,0.6
968,20100128,0.5
969,20100129,0.5
441,20100201,0.5
440,20100202,0.5
439,20100203,0.5
443,20100204,0.7
442,20100205,0.5
445,20100208,0.5
444,20100209,0.7
339,20100210,0.5
340,20100211,0.5
341,20100212,0.5
342,20100216,0.5
343,20100217,0.5
344,20100218,0.3
345,20100219,0.5
635,20100222,0.5
634,20100223,0.5
637,20100224,0.5
636,20100225,0.5
638,20100226,0.4
564,20100301,0.5
561,20100302,0.5
562,20100303,0.5
565,20100304,0.5
566,20100305,0.5
557,20100308,0.5
558,20100309,0.65
870,20100310,0.7
654,20100311,0.7
656,20100312,0.5
651,20100315,0.6
653,20100316,0.4
652,20100317,0.5
650,20100318,0.4
855,20100319,0.5
320,20100322,0.8
321,20100323,0.6
317,20100324,0.5
318,20100325,0.5
319,20100326,0.5
322,20100329,0.25
431,20100330,0.5
430,20100331,0.5
192,20100401,0.2
189,20100405,0.65
191,20100406,0.5
190,20100407,0.6
194,20100408,0.3
193,20100409,0.5
64,20100412,0.5
65,20100413,0.5
69,20100414,0.5
70,20100415,0.5
67,20100416,0.5
72,20100419,0.4
1474,20100420,0.4
1473,20100421,0.5
1472,20100422,0.5
1471,20100423,0.566666666667
1469,20100426,0.5
1468,20100427,0.5
1467,20100428,0.5
1466,20100429,0.3
1378,20100430,0.5
316,20100503,0.55
312,20100504,0.5
313,20100505,0.5
314,20100506,0.6
315,20100507,0.5
429,20100510,0.5
428,20100511,0.5
427,20100512,0.5
426,20100513,0.5
425,20100514,0.7
424,20100517,0.2
423,20100518,0.5
422,20100519,0.5
534,20100520,0.5
535,20100521,0.5
538,20100524,0.6
539,20100525,0.5
536,20100526,0.5
537,20100527,0.5
540,20100528,0.5
1091,20100601,0.5
1090,20100602,0.3
1089,20100603,0.333333333333
1088,20100604,0.5
419,20100607,0.6
1093,20100608,0.5
1092,20100609,0.5
965,20100610,0.5
966,20100611,0.5
961,20100614,0.8
962,20100615,0.55
963,20100616,0.4
964,20100617,0.4
967,20100618,0.633333333333
1302,20100621,0.5
1289,20100622,0.5
1288,20100623,0.5
1285,20100624,0.5
1284,20100625,0.5
1281,20100628,0.5
1280,20100629,0.5
1192,20100630,0.5
1207,20100701,0.45
1206,20100702,0.5
1204,20100706,0.5
1205,20100707,0.533333333333
1202,20100708,0.5
1203,20100709,0.55
1297,20100712,0.5
1296,20100713,0.5
1299,20100714,0.5
1298,20100715,0.5
1300,20100716,0.5
1301,20100719,0.5
991,20100720,0.5
1356,20100721,0.5
993,20100722,0.5
994,20100723,0.7
995,20100726,0.5
996,20100727,0.75
1341,20100728,0.5
1342,20100729,0.4
1106,20100730,0.5
837,20100802,0.5
836,20100803,0.3
839,20100804,0.5
838,20100805,0.7
840,20100806,0.2
835,20100809,0.6
731,20100810,0.55
732,20100811,0.55
729,20100812,0.5
730,20100813,0.45
725,20100816,0.8
1353,20100817,0.5
736,20100818,0.5
1151,20100819,0.5
623,20100820,0.4
709,20100823,0.5
627,20100824,0.5
626,20100825,0.5
625,20100826,0.5
624,20100827,0.5
532,20100830,0.6
533,20100831,0.3
941,20100901,0.7
942,20100902,0.7
943,20100903,0.5
944,20100907,0.55
945,20100908,0.5
946,20100909,0.9
1065,20100910,0.5
1064,20100913,0.4
1069,20100914,0.5
1068,20100915,0.5
311,20100916,0.3
308,20100917,0.7
1181,20100920,0.6
1182,20100921,0.5
1179,20100922,0.5
1180,20100923,0.5
1178,20100924,0.5
1177,20100927,0.5
1183,20100928,0.4
1184,20100929,0.5
1264,20100930,0.5
488,20101001,0.5
486,20101004,0.3
487,20101005,0.55
484,20101006,0.5
485,20101007,0.5
489,20101008,0.5
587,20101011,0.4
589,20101012,0.5
588,20101013,0.5
591,20101014,0.5
590,20101015,0.5
586,20101018,1.0
585,20101019,0.3
268,20101020,0.5
269,20101021,0.5
270,20101022,0.7
271,20101025,0.5
272,20101026,0.5
273,20101027,0.5
274,20101028,0.4
275,20101029,0.55
367,20101101,0.7
366,20101102,0.5
365,20101103,0.5
364,20101104,0.5
363,20101105,0.5
362,20101108,0.45
361,20101109,0.5
246,20101110,0.7
247,20101111,0.666666666667
248,20101112,0.5
243,20101115,0.5
244,20101116,0.4
245,20101117,0.8
241,20101118,0.5
242,20101119,0.5
570,20101122,0.5
569,20101123,0.5
567,20101124,0.5
568,20101126,0.5
571,20101129,0.3
468,20101130,0.5
703,20101201,0.5
704,20101202,0.5
705,20101203,0.35
701,20101206,0.5
702,20101207,0.5
707,20101208,0.5
1176,20101209,0.5
827,20101210,0.6
826,20101213,0.5
825,20101214,0.5
824,20101215,0.45
823,20101216,0.633333333333
822,20101217,0.5
927,20101220,0.5
928,20101221,0.5
925,20101222,0.5
926,20101223,0.5
929,20101227,0.5
923,20101228,0.2
924,20101229,0.5
1044,20101230,0.5
1043,20101231,0.5
447,20110103,0.5
1115,20110104,0.4
1110,20110105,0.5
1117,20110106,0.5
450,20110107,0.4
604,20110110,0.5
352,20110111,0.5
349,20110112,0.5
350,20110113,0.6
348,20110114,0.8
353,20110118,0.5
354,20110119,0.45
1346,20110120,0.5
220,20110121,0.5
225,20110124,0.5
224,20110125,0.65
697,20110126,0.5
222,20110127,0.7
227,20110128,0.666666666667
109,20110131,0.5
394,20110201,0.5
332,20110202,0.5
391,20110203,0.5
405,20110204,0.6
404,20110207,0.6
409,20110208,0.5
410,20110209,0.5
437,20110210,0.566666666667
436,20110211,0.3
433,20110214,0.6
432,20110215,0.5
435,20110216,0.8
434,20110217,0.5
438,20110218,0.5
92,20110222,0.5
93,20110223,0.5
88,20110224,0.5
89,20110225,-0.1
614,20110228,0.7
1319,20110301,0.9
1318,20110302,0.5
1317,20110303,0.7
1324,20110304,0.5
1321,20110307,0.35
1314,20110308,0.5
1313,20110309,0.5
1221,20110310,0.5
1222,20110311,0.5
1225,20110314,0.6
1226,20110315,0.5
1227,20110316,0.5
1228,20110317,0.5
1220,20110318,0.5
10,20110321,0.566666666667
13,20110322,0.566666666667
12,20110323,0.45
15,20110324,0.5
14,20110325,0.55
17,20110328,0.5
16,20110329,0.35
1434,20110330,0.7
1435,20110331,0.5
1212,20110401,0.5
1208,20110404,0.5
1209,20110405,0.4
1210,20110406,0.5
1211,20110407,0.5
1213,20110408,0.7
1307,20110411,0.6
1306,20110412,0.5
1305,20110413,0.5
1304,20110414,0.75
1303,20110415,0.55
1309,20110418,0.5
1308,20110419,0.5
1410,20110420,0.3
1411,20110421,0.5
1415,20110425,0.5
1412,20110426,0.5
1413,20110427,0.5
1405,20110428,0.5
930,20110429,0.5
483,20110502,0.3
482,20110503,0.5
1052,20110504,0.4
470,20110505,0.5
479,20110506,0.5
1094,20110509,0.4
980,20110510,0.5
981,20110511,0.4
978,20110512,0.4
979,20110513,0.2
982,20110516,0.766666666667
983,20110517,0.5
976,20110518,0.5
977,20110519,0.5
878,20110520,0.5
875,20110523,0.7
874,20110524,0.5
873,20110525,0.7
1312,20110526,0.5
871,20110527,0.4
779,20110531,0.5
952,20110601,0.5
726,20110602,0.5
951,20110603,0.5
948,20110606,0.6
949,20110607,0.5
959,20110608,0.5
960,20110609,0.45
1074,20110610,0.4
1075,20110613,0.5
1077,20110614,0.5
1076,20110615,0.9
1079,20110616,0.5
1078,20110617,0.5
748,20110620,0.5
749,20110621,0.5
750,20110622,0.5
751,20110623,0.4
752,20110624,0.6
753,20110627,0.7
754,20110628,0.5
755,20110629,0.5
854,20110630,0.5
847,20110701,0.5
846,20110705,0.3
845,20110706,0.4
844,20110707,0.5
843,20110708,0.5
743,20110711,1.1
744,20110712,0.5
745,20110713,0.6
741,20110714,0.5
742,20110715,0.5
739,20110718,0.35
740,20110719,0.5
1060,20110720,0.5
1059,20110721,0.7
1061,20110722,0.2
1056,20110725,0.5
301,20110726,0.5
1057,20110727,0.5
1063,20110728,0.6
1062,20110729,0.7
384,20110801,0.5
385,20110802,0.5
386,20110803,0.5
387,20110804,0.7
388,20110805,0.5
382,20110808,0.8
383,20110809,0.5
507,20110810,0.5
506,20110811,0.5
505,20110812,0.5
510,20110815,0.433333333333
509,20110816,-0.1
508,20110817,0.9
504,20110818,0.45
503,20110819,0.4
610,20110822,0.4
611,20110823,0.5
608,20110824,0.5
609,20110825,0.5
607,20110826,0.5
606,20110829,0.5
696,20110830,0.5
695,20110831,0.6
262,20110901,0.4
263,20110902,-0.2
265,20110906,0.6
264,20110907,0.5
267,20110908,0.3
266,20110909,0.5
148,20110912,0.5
149,20110913,0.5
146,20110914,0.5
147,20110915,0.5
144,20110916,0.5
143,20110919,0.5
31,20110920,0.5
30,20110921,0.5
29,20110922,0.5
28,20110923,0.5
33,20110926,0.5
32,20110927,0.5
27,20110928,0.5
26,20110929,0.5
1053,20110930,0.6
782,20111003,0.4
788,20111004,0.5
787,20111005,0.5
786,20111006,0.25
785,20111007,0.6
659,20111010,0.4
660,20111011,0.5
661,20111012,0.5
662,20111013,0.5
663,20111014,0.7
664,20111017,0.5
657,20111018,0.6
658,20111019,0.5
985,20111020,0.5
984,20111021,0.233333333333
1351,20111024,0.333333333333
1350,20111025,0.5
1354,20111026,0.5
1352,20111027,0.5
992,20111028,0.3
885,20111031,0.5
1267,20111101,0.5
1265,20111102,0.5
1266,20111103,0.5
1269,20111104,0.5
1268,20111107,0.5
1270,20111108,0.5
1271,20111109,0.7
1377,20111110,0.5
1376,20111111,0.1
1373,20111114,0.466666666667
1372,20111115,0.5
1375,20111116,0.5
1374,20111117,0.5
1379,20111118,0.5
1071,20111121,0.15
1072,20111122,0.5
1073,20111123,0.5
1070,20111125,0.4
1066,20111128,0.5
1067,20111129,0.5
940,20111130,0.3
1382,20111201,0.5
1383,20111202,0.5
1384,20111205,0.7
1386,20111206,0.5
1385,20111207,0.5
1381,20111208,0.6
1380,20111209,0.5
1293,20111212,0.5
1294,20111213,0.5
1291,20111214,0.5
1292,20111215,0.5
1290,20111216,0.5
1295,20111219,0.5
1198,20111220,0.5
1197,20111221,0.2
1196,20111222,0.5
1195,20111223,0.5
1199,20111227,0.5
1201,20111228,0.5
1200,20111229,0.5
1087,20111230,0.4
998,20120103,0.5
1000,20120104,0.7
1001,20120105,0.5
999,20120106,0.5
997,20120109,0.5
1113,20120110,0.5
1112,20120111,0.7
527,20120112,0.5
1114,20120113,0.5
1111,20120117,0.5
1109,20120118,0.5
1108,20120119,0.5
801,20120120,0.4
802,20120123,0.3
797,20120124,0.5
798,20120125,0.4
799,20120126,0.3
800,20120127,0.266666666667
888,20120130,0.5
887,20120131,0.2
1141,20120201,0.5
1143,20120202,0.5
1142,20120203,0.1
1145,20120206,0.5
1144,20120207,0.5
1147,20120208,0.5
1146,20120209,0.5
1026,20120210,0.5
1025,20120213,0.5
1023,20120214,0.5
1024,20120215,0.7
1021,20120216,0.5
1022,20120217,0.6
913,20120221,0.5
912,20120222,0.5
911,20120223,0.5
915,20120224,0.8
914,20120227,0.55
910,20120228,0.75
909,20120229,0.5
1239,20120301,0.5
1240,20120302,0.6
1241,20120305,0.5
1242,20120306,0.5
1243,20120307,0.5
1237,20120308,0.4
1238,20120309,0.5
1336,20120312,0.5
1335,20120313,0.5
1340,20120314,0.5
1339,20120315,0.5
1338,20120316,-0.1
420,20120319,0.5
1444,20120320,0.5
1445,20120321,0.5
1442,20120322,0.5
1443,20120323,0.5
1440,20120326,0.5
1441,20120327,0.425
1051,20120328,0.5
1439,20120329,0.5
25,20120330,0.5
3,20120402,0.5
2,20120403,0.5
1,20120404,0.5
0,20120405,0.2
4,20120409,0.466666666667
1397,20120410,0.6
1398,20120411,0.45
1399,20120412,0.6
1400,20120413,0.1
1395,20120416,0.433333333333
1396,20120417,0.6
1401,20120418,0.8
1402,20120419,0.5
260,20120420,0.5
261,20120423,0.5
257,20120424,0.5
256,20120425,0.6
259,20120426,0.4
258,20120427,0.5
132,20120430,0.5
123,20120501,0.5
121,20120502,0.5
122,20120503,0.5
120,20120504,0.3
119,20120507,0.5
116,20120508,1.1
117,20120509,0.55
229,20120510,0.3
228,20120511,0.3
233,20120514,0.5
232,20120515,0.5
235,20120516,0.5
234,20120517,0.3
1370,20120518,0.5
1422,20120521,0.7
1423,20120522,0.7
1424,20120523,0.633333333333
1425,20120524,0.5
1426,20120525,0.5
939,20120529,0.5
8,20120530,0.5
7,20120531,0.5
649,20120601,0.5
646,20120604,0.0
645,20120605,0.5
648,20120606,0.5
647,20120607,0.75
655,20120608,0.5
221,20120611,0.1
555,20120612,0.4
556,20120613,0.5
559,20120614,0.5
560,20120615,0.5
563,20120618,0.5
250,20120619,0.5
460,20120620,0.5
459,20120621,0.5
458,20120622,0.5
457,20120625,0.4
456,20120626,0.5
455,20120627,0.5
454,20120628,0.2
453,20120629,0.4
61,20120702,0.5
62,20120703,0.5
783,20120705,0.5
784,20120706,0.5
46,20120709,0.5
714,20120710,0.5
884,20120711,0.5
883,20120712,0.5
882,20120713,0.5
880,20120716,0.5
879,20120717,0.7
711,20120718,0.5
877,20120719,0.55
986,20120720,0.5
554,20120723,0.65
756,20120724,0.5
990,20120725,0.9
987,20120726,0.5
988,20120727,0.4
1105,20120730,0.5
1104,20120731,0.5
690,20120801,0.5
1039,20120802,0.5
1038,20120803,0.5
692,20120806,0.5
691,20120807,0.5
1030,20120808,0.5
1029,20120809,0.5
598,20120810,0.5
599,20120813,0.5
600,20120814,0.5
601,20120815,0.5
602,20120816,0.5
408,20120817,0.5
896,20120820,0.1
895,20120821,0.6
898,20120822,0.4
897,20120823,0.5
899,20120824,0.5
900,20120827,0.5
903,20120828,0.5
902,20120829,0.5
152,20120830,0.5
819,20120831,0.5
1190,20120904,0.7
1191,20120905,0.5
820,20120906,0.5
821,20120907,0.5
150,20120910,0.5
145,20120911,0.5
1283,20120912,0.5
1282,20120913,0.5
1278,20120914,0.5
1279,20120917,0.5
1287,20120918,0.5
1286,20120919,0.5
957,20120920,0.3
958,20120921,0.5
953,20120924,0.5
954,20120925,0.3
955,20120926,0.7
956,20120927,0.5
950,20120928,0.5
287,20121001,0.5
63,20121002,0.5
66,20121003,0.5
71,20121004,0.35
291,20121005,0.5
283,20121008,0.5
284,20121009,0.5
400,20121010,0.65
399,20121011,0.5
398,20121012,0.6
723,20121015,0.4
402,20121016,0.7
401,20121017,0.5
1416,20121018,0.5
712,20121019,0.5
522,20121022,0.5
523,20121023,0.5
520,20121024,0.5
521,20121025,0.8
519,20121026,0.5
612,20121031,0.5
161,20121101,0.5
162,20121102,0.5
163,20121105,0.5
165,20121106,0.5
164,20121107,0.6
167,20121108,0.5
166,20121109,0.5
38,20121112,0.5
39,20121113,0.5
36,20121114,0.1
37,20121115,0.5
35,20121116,0.5
34,20121119,0.5
1454,20121120,0.7
1453,20121121,0.5
1451,20121123,0.5
1159,20121126,0.5
1158,20121127,0.5
1448,20121128,0.0
1447,20121129,0.4
1357,20121130,0.5
20,20121203,0.533333333333
23,20121204,0.5
24,20121205,0.5
21,20121206,0.5
22,20121207,0.4
140,20121210,0.55
139,20121211,0.5
142,20121212,0.5
141,20121213,0.5
137,20121214,0.5
138,20121217,0.7
136,20121218,0.5
135,20121219,0.5
1333,20121220,0.5
1334,20121221,0.5
1330,20121224,0.4
1331,20121226,0.5
1332,20121227,0.5
1337,20121228,0.5
1438,20121231,0.5
734,20130102,0.5
733,20130103,0.5
737,20130104,0.5
735,20130107,0.6
728,20130108,0.5
727,20130109,0.5
628,20130110,0.5
629,20130111,0.5
630,20130114,0.6
631,20130115,-0.4
632,20130116,0.5
633,20130117,0.4
622,20130118,0.4
934,20130122,0.7
933,20130123,0.4
936,20130124,0.5
935,20130125,0.5
938,20130128,0.5
937,20130129,0.5
841,20130130,0.5
842,20130131,0.5
1387,20130201,0.2
1388,20130204,0.5
1389,20130205,0.5
1390,20130206,0.8
1391,20130207,0.5
1392,20130208,0.2
1483,20130211,0.5
1482,20130212,0.4
1481,20130213,0.5
1488,20130214,0.35
1487,20130215,0.5
1489,20130219,0.4
86,20130220,0.5
87,20130221,0.5
84,20130222,0.5
83,20130225,0.7
81,20130226,0.5
82,20130227,0.4
620,20130228,0.5
1273,20130301,0.5
1275,20130304,0.6
1274,20130305,0.6
1277,20130306,0.8
1276,20130307,0.5
1272,20130308,0.5
1042,20130311,0.5
1188,20130312,0.5
1189,20130313,0.533333333333
1186,20130314,0.5
1187,20130315,0.5
1193,20130318,0.5
1194,20130319,0.5
1082,20130320,0.5
1081,20130321,0.3
1080,20130322,0.5
1085,20130325,0.35
1084,20130326,0.5
1083,20130327,0.5
1086,20130328,0.6
397,20130401,0.2
395,20130402,0.5
396,20130403,1.1
393,20130404,0.4
713,20130405,0.5
403,20130408,0.6
724,20130409,0.5
514,20130410,0.5
513,20130411,0.5
515,20130412,0.5
516,20130415,0.6
518,20130416,0.5
517,20130417,0.5
512,20130418,0.5
511,20130419,0.5
168,20130422,0.5
169,20130423,0.5
170,20130424,0.5
171,20130425,0.6
172,20130426,0.5
173,20130429,0.5
285,20130430,0.5
282,20130501,0.5
281,20130502,0.5
280,20130503,0.5
279,20130506,0.5
278,20130507,0.2
277,20130508,0.5
276,20130509,0.5
159,20130510,0.5
160,20130513,0.5
155,20130514,0.5
156,20130515,0.5
157,20130516,0.5
158,20130517,0.5
498,20130520,0.6
497,20130521,0.4
500,20130522,0.4
499,20130523,0.5
496,20130524,0.5
502,20130528,0.5
501,20130529,0.5
380,20130530,0.5
381,20130531,0.5
619,20130603,0.5
615,20130604,0.5
616,20130605,0.9
617,20130606,0.2
618,20130607,0.5
720,20130610,0.5
719,20130611,0.5
718,20130612,0.5
717,20130613,0.5
716,20130614,0.5
715,20130617,0.5
722,20130618,0.333333333333
721,20130619,0.8
829,20130620,0.5
830,20130621,0.5
833,20130624,0.5
834,20130625,0.5
831,20130626,0.5
832,20130627,0.7
828,20130628,0.4
528,20130701,0.5
530,20130702,0.5
529,20130703,0.6
526,20130705,0.5
525,20130708,0.5
524,20130709,0.5
414,20130710,0.5
415,20130711,0.5
413,20130712,0.5
418,20130715,0.8
416,20130716,0.35
417,20130717,0.5
411,20130718,0.5
412,20130719,0.6
299,20130722,0.8
298,20130723,0.5
297,20130724,0.3
296,20130725,0.5
295,20130726,0.65
300,20130729,0.7
187,20130730,0.5
188,20130731,0.5
1017,20130801,0.7
1403,20130802,0.5
1020,20130805,0.5
1018,20130806,0.6
1058,20130807,0.55
1008,20130808,0.7
1009,20130809,0.5
1132,20130812,0.6
1131,20130813,0.5
547,20130814,0.5
544,20130815,0.45
1128,20130816,0.5
1122,20130819,0.6
760,20130820,0.5
761,20130821,0.5
762,20130822,0.5
763,20130823,0.5
758,20130826,0.5
759,20130827,1.0
6,20130828,0.5
9,20130829,0.5
857,20130830,0.2
293,20130903,0.5
738,20130904,0.45
710,20130905,0.5
876,20130906,0.5
881,20130909,0.5
774,20130910,0.3
775,20130911,0.5
776,20130912,0.9
777,20130913,0.5
780,20130916,0.5
781,20130917,0.5
49,20130918,0.5
50,20130919,0.5
1097,20130920,0.5
1098,20130923,0.5
1101,20130924,0.5
480,20130925,0.5
1103,20130926,0.5
1102,20130927,0.5
989,20130930,0.5
1455,20131001,0.5
1458,20131002,0.5
1457,20131003,0.5
1452,20131004,0.0
1157,20131007,0.5
1450,20131008,0.5
1449,20131009,0.4
1358,20131010,0.5
1359,20131011,0.5
1362,20131014,0.5
1363,20131015,0.5
1360,20131016,0.5
1361,20131017,0.5
1355,20131018,0.5
1250,20131021,0.5
1249,20131022,0.5
1248,20131023,0.5
1247,20131024,0.7
1246,20131025,0.55
1252,20131028,0.5
1251,20131029,0.5
1166,20131030,0.7
1167,20131031,0.5
44,20131101,0.5
40,20131104,0.5
41,20131105,0.5
42,20131106,0.7
43,20131107,0.5
45,20131108,0.5
178,20131111,0.5
177,20131112,0.5
176,20131113,0.5
175,20131114,0.5
174,20131115,0.5
180,20131118,0.5
179,20131119,0.5
288,20131120,0.5
289,20131121,0.4
286,20131122,0.5
292,20131125,0.5
290,20131126,0.45
73,20131127,0.5
60,20131129,0.5
1219,20131202,0.5
1218,20131203,0.7
1217,20131204,0.5
1216,20131205,0.5
1215,20131206,0.5
1214,20131209,0.5
1137,20131210,0.5
1138,20131211,0.5
1139,20131212,0.5
1140,20131213,0.5
1135,20131216,0.5
1136,20131217,0.5
1133,20131218,0.7
1134,20131219,0.5
1420,20131220,0.7
1421,20131223,0.5
1417,20131224,0.6
1419,20131226,0.5
1418,20131227,0.5
1310,20131230,0.4
1311,20131231,0.5
1148,20140102,0.5
621,20140103,0.5
90,20140106,0.5
91,20140107,0.5
1055,20140108,0.5
85,20140109,0.5
206,20140110,0.5
205,20140113,0.5
204,20140114,0.5
203,20140115,0.5
202,20140116,0.5
201,20140117,0.5
334,20140121,0.4
390,20140122,0.5
333,20140123,0.5
336,20140124,0.1
335,20140127,0.5
337,20140128,0.5
338,20140129,0.5
1041,20140130,0.5
1040,20140131,0.5
706,20140203,0.5
605,20140204,0.55
700,20140205,0.5
872,20140206,0.4
698,20140207,0.25
778,20140210,0.5
708,20140211,1.1
47,20140212,0.5
48,20140213,0.55
678,20140214,0.7
57,20140218,0.45
59,20140219,0.45
481,20140220,0.466666666667
1100,20140221,0.65
472,20140224,0.65
1096,20140225,0.5
1099,20140226,0.65
478,20140227,0.8
1095,20140228,0.5
1019,20140303,0.45
1016,20140304,0.5
1406,20140305,0.5
1014,20140306,0.5
1015,20140307,0.575
1119,20140310,0.466666666667
1118,20140311,0.35
1121,20140312,0.575
1120,20140313,0.5
1123,20140314,0.4
1124,20140317,0.55
1127,20140318,0.85
1126,20140319,0.5
814,20140320,0.1
815,20140321,0.7
816,20140324,0.7
817,20140325,0.9
818,20140326,0.6
154,20140327,0.7
124,20140328,0.4
904,20140331,0.55
461,20140401,0.46
463,20140402,0.5
462,20140403,0.25
464,20140404,0.766666666667
465,20140407,0.75
467,20140408,0.4
466,20140409,0.5
359,20140410,0.5
360,20140411,0.5
357,20140414,0.5
358,20140415,0.5
355,20140416,0.4
356,20140417,0.5
238,20140421,0.5
237,20140422,0.5
236,20140423,0.533333333333
240,20140424,0.55
239,20140425,0.5
231,20140428,0.6
230,20140429,0.5
118,20140430,0.7
580,20140501,0.6
581,20140502,0.5
582,20140505,0.2
583,20140506,0.525
584,20140507,0.533333333333
578,20140508,0.566666666667
579,20140509,0.5
673,20140512,0.475
672,20140513,0.62
677,20140514,0.65
676,20140515,0.7
675,20140516,0.5
666,20140519,0.68
795,20140520,0.4
796,20140521,0.575
793,20140522,0.55
794,20140523,0.5
792,20140527,0.5
790,20140528,0.466666666667
791,20140529,0.6
886,20140530,0.5
219,20140602,0.55
218,20140603,0.5
1456,20140604,0.5
1446,20140605,0.466666666667
223,20140606,0.62
226,20140609,0.65
108,20140610,0.5
699,20140611,0.525
110,20140612,0.5
111,20140613,0.5
112,20140616,0.55
113,20140617,0.5
114,20140618,0.5
115,20140619,0.8
446,20140620,0.5
1107,20140623,0.7
449,20140624,0.5
448,20140625,0.5
451,20140626,0.5
1116,20140627,0.525
351,20140630,0.7
372,20140701,0.55
370,20140702,0.5
371,20140703,0.9
373,20140707,0.4
368,20140708,0.566666666667
369,20140709,0.9
153,20140710,0.5
477,20140711,0.5
474,20140714,0.5
473,20140715,0.5
476,20140716,0.5
475,20140717,0.5
471,20140718,0.533333333333
96,20140721,0.5
97,20140722,0.3
98,20140723,0.5
94,20140724,0.6
95,20140725,0.55
99,20140728,0.5
100,20140729,0.5
208,20140730,0.3
207,20140731,0.5
1369,20140801,0.5
1366,20140804,0.5
1365,20140805,0.55
1368,20140806,0.5
1367,20140807,0.425
1364,20140808,0.5
1259,20140811,0.5
1257,20140812,0.5
1258,20140813,0.5
1260,20140814,0.5
1261,20140815,0.5
1254,20140818,0.5
1255,20140819,0.5
1173,20140820,0.5
1172,20140821,0.5
1171,20140822,0.2
1170,20140825,0.4
1169,20140826,0.7
1168,20140827,0.5
1175,20140828,0.5
1174,20140829,0.1
1461,20140902,0.4
1462,20140903,0.6
1459,20140904,0.5
1460,20140905,0.85
1463,20140908,0.5
1464,20140909,0.5
56,20140910,0.5
55,20140911,0.566666666667
54,20140912,0.5
53,20140915,0.566666666667
52,20140916,0.5
51,20140917,0.7
421,20140918,0.3
58,20140919,0.55
182,20140922,0.9
183,20140923,0.5
185,20140924,0.5
186,20140925,0.8
184,20140926,0.5
181,20140929,0.48
294,20140930,0.7
920,20141001,0.2
918,20141002,0.525
919,20141003,0.5
921,20141006,0.72
922,20141007,0.4
916,20141008,0.5
917,20141009,1.0
1035,20141010,0.3
1036,20141013,0.6
1032,20141014,0.3
1031,20141015,0.5
1034,20141016,0.5
1033,20141017,0.5
668,20141020,0.3
669,20141021,0.6
670,20141022,0.5
671,20141023,0.5
665,20141024,0.5
667,20141027,0.5
674,20141028,0.7
947,20141029,0.5
1371,20141030,0.5
68,20141031,0.7
809,20141103,0.6
813,20141104,0.7
812,20141105,0.5
811,20141106,0.45
810,20141107,0.55
1027,20141110,0.6
1028,20141111,0.5
682,20141112,0.44
683,20141113,0.425
684,20141114,0.5
1037,20141117,0.7
688,20141118,0.5
689,20141119,0.6
1004,20141120,0.6
1003,20141121,0.5
1006,20141124,0.475
1005,20141125,0.433333333333
1007,20141126,0.5
1002,20141128,0.5
1152,20141201,0.5
1153,20141202,0.7
1154,20141203,0.5
1155,20141204,0.35
1156,20141205,0.5
1149,20141208,0.8
1150,20141209,0.6
1233,20141210,0.533333333333
1232,20141211,0.533333333333
1231,20141212,0.5
1236,20141215,0.6
1235,20141216,0.5
1234,20141217,0.5
1230,20141218,0.4
1229,20141219,0.2
1328,20141222,0.5
1329,20141223,0.5
1327,20141224,0.5
1326,20141226,0.5
1325,20141229,0.7
1437,20141230,0.5
1436,20141231,0.7
894,20150102,0.7
891,20150105,0.5
893,20150106,0.5
892,20150107,0.5
890,20150108,1.1
889,20150109,0.5
804,20150112,0.6
805,20150113,0.5
807,20150114,0.6
808,20150115,0.6
806,20150116,0.5
687,20150120,0.5
686,20150121,0.5
685,20150122,0.5
323,20150123,0.5
681,20150126,0.466666666667
680,20150127,0.5
694,20150128,0.266666666667
693,20150129,0.65
594,20150130,0.5
771,20150202,0.5
772,20150203,0.466666666667
769,20150204,0.333333333333
770,20150205,0.5
768,20150206,0.475
773,20150209,0.6
866,20150210,0.566666666667
865,20150211,0.5
868,20150212,0.5
867,20150213,0.7
869,20150217,0.5
864,20150218,0.6
863,20150219,0.4
572,20150220,0.3
573,20150223,0.5
574,20150224,0.55
575,20150225,0.7
576,20150226,0.7
577,20150227,0.466666666667
644,20150302,0.675
643,20150303,0.5
642,20150304,0.5
641,20150305,0.5
640,20150306,0.7
639,20150309,0.5
550,20150310,0.8
551,20150311,0.5
552,20150312,0.5
553,20150313,0.7
548,20150316,0.5
549,20150317,0.5
545,20150318,0.7
546,20150319,0.5
852,20150320,0.5
853,20150323,0.3
849,20150324,0.5
848,20150325,0.7
851,20150326,0.5
850,20150327,0.5
746,20150330,0.5
747,20150331,0.5
374,20150401,0.5
375,20150402,0.5
376,20150406,0.5
377,20150407,0.5
378,20150408,0.45
379,20150409,0.5
491,20150410,0.15
490,20150413,0.5
495,20150414,0.55
494,20150415,0.466666666667
493,20150416,0.5
492,20150417,0.5
596,20150420,0.5
597,20150421,0.5
389,20150422,0.566666666667
595,20150423,0.7
593,20150424,0.5
592,20150427,0.5
407,20150428,0.5
603,20150429,0.5
679,20150430,0.3
251,20150501,0.5
253,20150504,0.5
252,20150505,0.566666666667
255,20150506,0.35
254,20150507,0.566666666667
249,20150508,0.5
130,20150511,0.5
128,20150512,0.5
129,20150513,0.433333333333
126,20150514,0.514285714286
1054,20150515,0.5
133,20150518,0.5
134,20150519,0.5
127,20150520,0.575
125,20150521,0.6
11,20150522,0.5
1185,20150526,0.5
131,20150527,0.46
19,20150528,0.4
18,20150529,0.5
103,20150601,0.7
101,20150602,0.55
102,20150603,0.45
104,20150604,0.5
105,20150605,0.566666666667
106,20150608,0.5
107,20150609,0.5
214,20150610,0.5
213,20150611,0.4
215,20150612,0.5
209,20150615,0.5
212,20150616,0.5
211,20150617,0.5
217,20150618,0.75
216,20150619,0.35
1414,20150622,0.5
932,20150623,0.5
1408,20150624,0.65
1409,20150625,0.5
931,20150626,0.55
1407,20150629,0.5
5,20150630,0.5
1163,20150701,0.425
1162,20150702,0.5
1165,20150706,0.5
1164,20150707,0.7
1161,20150708,0.5
1160,20150709,0.5
1045,20150710,0.6
1046,20150713,0.5
1047,20150714,0.5
1048,20150715,0.5
1049,20150716,0.5
1050,20150717,0.4
1344,20150720,0.5
1343,20150721,0.5
452,20150722,0.6
1345,20150723,0.5
1347,20150724,0.5
1348,20150727,0.5
469,20150728,0.5
1349,20150729,0.5
1244,20150730,0.3
1245,20150731,0.5
1262,20150803,0.5
1253,20150804,0.65
1256,20150805,0.5
1223,20150806,0.5
1224,20150807,0.5
531,20150810,0.5
1323,20150811,0.5
1322,20150812,0.5
406,20150813,0.5
1320,20150814,0.5
392,20150817,0.5
1316,20150818,0.6
1315,20150819,0.5
1427,20150820,0.6
1428,20150821,0.5
1431,20150824,0.5
1432,20150825,0.5
1429,20150826,0.5
1430,20150827,0.5
1433,20150828,0.5
210,20150831,0.5
542,20150901,0.5
1125,20150902,0.5
543,20150903,0.5
541,20150904,0.5
1130,20150908,0.5
1129,20150909,0.5
1393,20150910,0.5
1394,20150911,0.5
1012,20150914,0.5
1013,20150915,0.5
1010,20150916,0.5
1011,20150917,0.8
1404,20150918,0.5
908,20150921,0.5
907,20150922,0.5
906,20150923,0.7
905,20150924,0.5
803,20150925,0.5
901,20150928,0.5
789,20150929,0.6
151,20150930,0.5
80,20151001,0.85
79,20151002,0.5
78,20151005,0.5
77,20151006,0.5
76,20151007,0.4
75,20151008,0.5
74,20151009,0.5
1479,20151012,0.8
1480,20151013,0.5
1476,20151014,0.5
1477,20151015,0.4
1478,20151016,0.45
1475,20151019,0.5
305,20151020,0.3
304,20151021,0.5
307,20151022,0.5
306,20151023,0.5
303,20151026,0.5
302,20151027,0.5
310,20151028,0.233333333333
309,20151029,0.5
195,20151030,0.6
199,20151102,0.5
200,20151103,0.5
197,20151104,0.55
198,20151105,0.5
196,20151106,0.5
1263,20151109,0.5
327,20151110,0.5
326,20151111,0.466666666667
329,20151112,1.1
328,20151113,0.5
331,20151116,0.5
330,20151117,0.6
325,20151118,0.5
324,20151119,0.8
1465,20151120,0.5
1484,20151123,0.5
1485,20151124,0.5
1486,20151125,0.5
1470,20151127,0.5
613,20151130,0.5
346,20151201,0.5
347,20151202,0.5
